{"loss_D": 0.006702161655994132, "loss_G": 6.149295777082443, "epoch": 1591, "_timestamp": 1704165562.397065, "_runtime": 3005.8499019145966, "_step": 91, "_wandb": {"runtime": 3008}}