{"loss_D": 0.008083685585006606, "loss_G": 6.183341830968857, "epoch": 1499, "_timestamp": 1704145997.189161, "_runtime": 33442.13587617874, "_step": 999, "_wandb": {"runtime": 33441}}