{"loss_D": 0.0013929232100053923, "loss_G": 7.781671851873398, "epoch": 2858, "_timestamp": 1704211736.372468, "_runtime": 45498.60629200935, "_step": 1358, "_wandb": {"runtime": 45502}}