{"loss_D": 0.048849726910702884, "loss_G": 7.17752730846405, "epoch": 500, "_timestamp": 1704112234.7217233, "_runtime": 45.75062036514282, "_step": 0}